Склад;Место;Изделие;Партия;Заказ;Стр.
W3410;ОСНОВНОЕ;01500533065;057080-MIG-000;C01000620;1
W3410;ОСНОВНОЕ;1500533065;210217-00093;C01000620;2
W3410;ОСНОВНОЕ;01500533065;220222-01123;C01000620;3
W3410;ОСНОВНОЕ;01500533074;210125-00257;C01000620;4
W3410;ОСНОВНОЕ;01500533074;210723-00044;C01000620;5
W3410;ОСНОВНОЕ;01500533074;220222-01126;C01000620;6
W3410;ОСНОВНОЕ;01500535035;059999-MIG-666;C01000620;7
W3410;ОСНОВНОЕ;01500535042;059999-MIG-666;C01000620;8
W3410;ОСНОВНОЕ;01500535042;059999-MIG-667;C01000620;9
W3410;ОСНОВНОЕ;01500535056;210304-00064;C01000620;10
W3410;ОСНОВНОЕ;01500535056;210304-00065;C01000620;11
W3410;ОСНОВНОЕ;01500535056;231020-MIG-667;C01000620;12
W3410;ОСНОВНОЕ;01500535084;211124-00165;C01000620;13
W3410;ОСНОВНОЕ;01500535084;231020-MIG-666;C01000620;14
W3410;ОСНОВНОЕ;01500535086;059999-MIG-666;C01000620;15
W3410;ОСНОВНОЕ;01500535086;059999-MIG-667;C01000620;16
W3410;ОСНОВНОЕ;01500733065;057080-MIG-000;C01000620;17
W3410;ОСНОВНОЕ;01500733065;210824-01306;C01000620;18
W3410;ОСНОВНОЕ;01500733065;220222-01127;C01000620;19
W3410;ОСНОВНОЕ;01500733074;059999-MIG-000;C01000620;20
W3410;ОСНОВНОЕ;01500733082;220120-00085;C01000620;21
W3410;ОСНОВНОЕ;01500733082;220303-00115;C01000620;22
W3410;ОСНОВНОЕ;01500733082;220316-00129;C01000620;23
W3410;ОСНОВНОЕ;01500735048;211227-00276;C01000620;24
W3410;ОСНОВНОЕ;01500735048;231020-MIG-666;C01000620;25
W3410;ОСНОВНОЕ;01500735048;231020-MIG-667;C01000620;26
W3410;ОСНОВНОЕ;01500735048;900120-MIG-666;C01000620;27
W3410;ОСНОВНОЕ;01500735059;059999-MIG-000;C01000620;28
W3410;ОСНОВНОЕ;01500735059;231020-MIG-000;C01000620;29